{"k_dis":0.3549053145,"k_hyd_ch":10.0088017223,"k_hyd_pr":8.6487808014,"k_hyd_li":23.3607671725,"k_m_su":37.6865032967,"k_m_aa":44.5824203253,"k_m_fa":5.2254979435,"k_m_c4":21.2737854536,"k_m_pro":12.7046035376,"k_m_ac":10.692028564,"k_m_h2":27.8899990959,"k_dec":0.0156874576,"K_S_IN":0.0000930845,"K_S_su":0.4266553115,"K_S_aa":0.3088923315,"K_S_fa":0.3893464848,"K_S_c4":0.2996591954,"K_S_pro":0.1152297541,"K_S_ac":0.1469501233,"K_S_h2":0.0000066537,"K_I_h2_fa":0.0000050076,"K_I_h2_c4":0.0000106271,"K_I_h2_pro":0.0000031548,"K_I_nh3":0.0018767032,"pH_UL:LL_aa":1.1627705042,"pH_LL_aa":5.11223876,"pH_UL:LL_ac":1.0239845981,"pH_LL_ac":4.5328161542,"pH_UL:LL_h2":0.5239575878,"pH_LL_h2":5.5020721986}