{"mu1max":0.9069741514,"mu2max":1.21157203,"KS1":15.136195338,"KS2":4.8533808054,"KI2":289.6978274458}