{"mu1max":0.990000677,"mu2max":1.3232414141,"KS1":15.9827133845,"KS2":4.9721220078,"KI2":345.2951771068}