{"X1":0.7839251481,"X2":0.3370596779,"S1":3.7286100136,"S2":0.9952860627,"Z":0.00001,"C":109.892225881}