{
    "time": 0.0,
    "S_su": 0.0060976541,
    "S_aa": 0.0043249096,
    "S_fa": 0.0769295695,
    "S_va": 0.0097825845,
    "S_bu": 0.0125347385,
    "S_pro": 0.0109232749,
    "S_ac": 0.0406991067,
    "S_h2": 0.0000001637,
    "S_ch4": 0.048932277,
    "S_IC": 0.1143847605,
    "S_IN": 0.120883869,
    "S_I": 0.1503132774,
    "X_c": 0.1660769341,
    "X_ch": 0.0300229811,
    "X_pr": 0.0705347107,
    "X_li": 0.0045916541,
    "X_su": 0.7191083577,
    "X_aa": 1.0262622009,
    "X_fa": 0.1200346032,
    "X_c4": 0.3555447912,
    "X_pro": 0.1434223683,
    "X_ac": 0.7856357754,
    "X_h2": 0.3157873198,
    "X_I": 0.3296041225,
    "S_cation": 5.617927017e-52,
    "S_anion": 0.0000002682,
    "pH": 0.0000000393,
    "S_va_ion": 0.0113978617,
    "S_bu_ion": 0.0106693587,
    "S_pro_ion": 0.0113041749,
    "S_ac_ion": 0.0393692111,
    "S_hco3_ion": 0.1307175078,
    "S_nh3": 0.003215509,
    "S_gas_h2": 0.0000093475,
    "S_gas_ch4": 1.7618525363,
    "S_gas_co2": 0.0153430602,
    "S_co2": 0.0090942553,
    "S_nh4_ion": 0.0998959301,
    "q_gas": 1734.7850655483,
    "q_ch4": 1047.9134010709,
    "p_ch4": 0.6997629557,
    "p_co2": 0.4062155686,
    "VS": 2.99156022,
    "VSR": 0.9799084243
}