{"X1":0.7522908853,"X2":0.3213037165,"S1":1.0129249835,"S2":1.5340192874,"Z":0.00001,"C":105.7871444429}