{"k_dis":0.5,"k_hyd_ch":10.0,"k_hyd_pr":10.0,"k_hyd_li":10.0,"k_m_su":2.4193968714,"k_m_aa":49.5216834797,"k_m_fa":6.0,"k_m_c4":123.1339519304,"k_m_pro":26.157503586,"k_m_ac":20.6881723551,"k_m_h2":35.0,"k_dec":0.0061646601,"K_S_IN":0.0001,"K_S_su":0.5,"K_S_aa":0.3,"K_S_fa":0.4,"K_S_c4":2.0,"K_S_pro":0.3030970359,"K_S_ac":0.2101456112,"K_S_h2":0.000007,"K_I_h2_fa":0.000005,"K_I_h2_c4":0.00001,"K_I_h2_pro":0.0000035,"K_I_nh3":0.0007878763,"pH_UL:LL_aa":1.2645113216,"pH_LL_aa":6.0,"pH_UL:LL_ac":0.8260189843,"pH_LL_ac":5.3281907664,"pH_UL:LL_h2":1.0,"pH_LL_h2":5.0}