{
    "time": 0.0,
    "S_su": 0.0049442662,
    "S_aa": 0.0054927703,
    "S_fa": 0.331593714,
    "S_va": 0.0347818044,
    "S_bu": 0.0345222587,
    "S_pro": 0.0203073044,
    "S_ac": 0.2942444292,
    "S_h2": 0.0000003077,
    "S_ch4": 0.0553504112,
    "S_IC": 0.1405671786,
    "S_IN": 0.1701051447,
    "S_I": 0.0798410643,
    "X_c": 0.2601994944,
    "X_ch": 0.1537132884,
    "X_pr": 0.1548801996,
    "X_li": 0.0850719476,
    "X_su": 0.9731269132,
    "X_aa": 1.8609321908,
    "X_fa": 0.1079561056,
    "X_c4": 0.7231408936,
    "X_pro": 0.1959875593,
    "X_ac": 1.2083082352,
    "X_h2": 0.3986944084,
    "X_I": 0.1687694224,
    "S_cation": 1.276354464e-57,
    "S_anion": 0.0,
    "pH": 0.0000000315,
    "S_va_ion": 0.0286419007,
    "S_bu_ion": 0.0339331943,
    "S_pro_ion": 0.0212925794,
    "S_ac_ion": 0.255484753,
    "S_hco3_ion": 0.1303158462,
    "S_nh3": 0.0046059728,
    "S_gas_h2": 0.0000115983,
    "S_gas_ch4": 1.9111917683,
    "S_gas_co2": 0.0170973322,
    "S_co2": 0.0097058908,
    "S_nh4_ion": 0.1524344832,
    "q_gas": 4552.3800513405,
    "q_ch4": 3131.6289255013,
    "p_ch4": 0.7410377289,
    "p_co2": 0.4124689924,
    "VS": 4.7981325182,
    "VSR": 0.8218521108
}