{
    "time": 0.0,
    "S_su": 0.0028700511,
    "S_aa": 0.0032798721,
    "S_fa": 0.1130383286,
    "S_va": 0.0162578574,
    "S_bu": 0.0187105773,
    "S_pro": 0.0085390201,
    "S_ac": 0.0704876372,
    "S_h2": 0.0000001709,
    "S_ch4": 0.0439542027,
    "S_IC": 0.1314494689,
    "S_IN": 0.1312615438,
    "S_I": 0.1564156564,
    "X_c": 0.1743023566,
    "X_ch": 0.0525303776,
    "X_pr": 0.0545841415,
    "X_li": 0.0371144873,
    "X_su": 0.7852917021,
    "X_aa": 0.9662797694,
    "X_fa": 0.1146453815,
    "X_c4": 0.4624536462,
    "X_pro": 0.1408056542,
    "X_ac": 0.85828327,
    "X_h2": 0.3531084009,
    "X_I": 0.3423422651,
    "S_cation": 5.387212378e-52,
    "S_anion": 0.0000002186,
    "pH": 0.0000000432,
    "S_va_ion": 0.0158604702,
    "S_bu_ion": 0.0193079978,
    "S_pro_ion": 0.0089785952,
    "S_ac_ion": 0.0700851262,
    "S_hco3_ion": 0.1086608282,
    "S_nh3": 0.0028976482,
    "S_gas_h2": 0.0000091535,
    "S_gas_ch4": 1.6650208679,
    "S_gas_co2": 0.0146751661,
    "S_co2": 0.0092689644,
    "S_nh4_ion": 0.1206244785,
    "q_gas": 1781.3441023772,
    "q_ch4": 996.2104909052,
    "p_ch4": 0.5798554168,
    "p_co2": 0.3409125339,
    "VS": 2.9545978169,
    "VSR": 0.7861950607
}