{
    "time": 0.0,
    "S_su": 0.005613259,
    "S_aa": 0.0040984611,
    "S_fa": 0.0572264911,
    "S_va": 0.0105406319,
    "S_bu": 0.0126019032,
    "S_pro": 0.0127344357,
    "S_ac": 0.0387554969,
    "S_h2": 0.0000001901,
    "S_ch4": 0.050774322,
    "S_IC": 0.1176779204,
    "S_IN": 0.1122738656,
    "S_I": 0.1521736897,
    "X_c": 0.1403161445,
    "X_ch": 0.0317413957,
    "X_pr": 0.0713896453,
    "X_li": 0.0043273356,
    "X_su": 0.6597724809,
    "X_aa": 1.0583684622,
    "X_fa": 0.1455460119,
    "X_c4": 0.4032455825,
    "X_pro": 0.1448494052,
    "X_ac": 0.7311860706,
    "X_h2": 0.310154811,
    "X_I": 4.1460958631,
    "S_cation": 2.447195819e-48,
    "S_anion": 0.001180568,
    "pH": 0.0000000462,
    "S_va_ion": 0.0105054818,
    "S_bu_ion": 0.0125635657,
    "S_pro_ion": 0.0126899755,
    "S_ac_ion": 0.0386527683,
    "S_hco3_ion": 0.1076109708,
    "S_nh3": 0.0026356406,
    "S_gas_h2": 0.0000087581,
    "S_gas_ch4": 1.5596506836,
    "S_gas_co2": 0.0144851499,
    "S_co2": 0.0100669496,
    "S_nh4_ion": 0.109638225,
    "q_gas": 1896.6827136989,
    "q_ch4": 1126.5694129574,
    "p_ch4": 0.6243697714,
    "p_co2": 0.3711321109,
    "VS": 5.4120237044,
    "VSR": 0.7810601977
}