{"X1":0.843443286,"X2":0.3674192759,"S1":4.2755583564,"S2":1.155724515,"Z":0.000010425,"C":98.2340087501}