{"mu1max":0.8648633861,"mu2max":2.004958297,"KS1":15.3813076821,"KS2":5.3630648001,"KI2":328.4615914185}