{"X1":0.7266119775,"X2":0.4033033398,"S1":1.3783643064,"S2":2.2974334664,"Z":0.0000114658,"C":123.0018005021}