{
    "time": 0.0,
    "S_su": 0.0097155718,
    "S_aa": 0.0069656207,
    "S_fa": 0.1665636073,
    "S_va": 0.0206626006,
    "S_bu": 0.0270792535,
    "S_pro": 0.0306571856,
    "S_ac": 0.1701234011,
    "S_h2": 0.0000003678,
    "S_ch4": 0.0651924208,
    "S_IC": 0.1807310938,
    "S_IN": 0.133903844,
    "S_I": 0.1067068649,
    "X_c": 0.1676051269,
    "X_ch": 0.0823948668,
    "X_pr": 0.2457003578,
    "X_li": 0.0086559798,
    "X_su": 0.8768408912,
    "X_aa": 2.0056309793,
    "X_fa": 0.1256919065,
    "X_c4": 0.6497811745,
    "X_pro": 0.2021859843,
    "X_ac": 1.2327506015,
    "X_h2": 0.4190977376,
    "X_I": 0.1965089218,
    "S_cation": 1.194641526e-57,
    "S_anion": 0.0,
    "pH": 0.0000000318,
    "S_va_ion": 0.0205857823,
    "S_bu_ion": 0.0221297605,
    "S_pro_ion": 0.0251721422,
    "S_ac_ion": 0.1881937893,
    "S_hco3_ion": 0.149768148,
    "S_nh3": 0.0039922192,
    "S_gas_h2": 0.0000145845,
    "S_gas_ch4": 1.4853531314,
    "S_gas_co2": 0.0148757805,
    "S_co2": 0.0117777061,
    "S_nh4_ion": 0.1555496848,
    "q_gas": 4564.8530668541,
    "q_ch4": 3046.8689599297,
    "p_ch4": 0.6795780318,
    "p_co2": 0.3405569885,
    "VS": 4.2299061567,
    "VSR": 0.8941079585
}