{"X1":0.686018485,"X2":0.3712567845,"S1":1.1558752978,"S2":1.5296328007,"Z":0.0000113414,"C":115.0747276963}