{"X1":0.7228521367,"X2":0.3117565611,"S1":2.2534738562,"S2":0.6630427178,"Z":0.00001,"C":103.447435426}