{"mu1max":0.5541890492,"mu2max":0.9921113895,"KS1":5.7636438712,"KS2":10.9708381282,"KI2":134.5341620125}