{"mu1max":1.2346001247,"mu2max":1.0492264779,"KS1":7.5061052459,"KS2":11.0031817164,"KI2":196.3386137674}