{
    "time": 0.0,
    "S_su": 0.010042075,
    "S_aa": 0.0076663235,
    "S_fa": 0.1560778466,
    "S_va": 0.0206043031,
    "S_bu": 0.024231863,
    "S_pro": 0.0269793213,
    "S_ac": 0.1745755695,
    "S_h2": 0.0000003616,
    "S_ch4": 0.0613360243,
    "S_IC": 0.1540166585,
    "S_IN": 0.1511804678,
    "S_I": 0.0946498389,
    "X_c": 0.1911062421,
    "X_ch": 0.0789831237,
    "X_pr": 0.2162488193,
    "X_li": 0.0084668052,
    "X_su": 0.9234040605,
    "X_aa": 1.732885314,
    "X_fa": 0.1266452927,
    "X_c4": 0.6485288821,
    "X_pro": 0.2214628041,
    "X_ac": 1.0839079093,
    "X_h2": 0.4484421846,
    "X_I": 0.7397504141,
    "S_cation": 3.506374105e-49,
    "S_anion": 0.0001691533,
    "pH": 0.0000000367,
    "S_va_ion": 0.0205496658,
    "S_bu_ion": 0.0241732466,
    "S_pro_ion": 0.0269044168,
    "S_ac_ion": 0.1742076512,
    "S_hco3_ion": 0.1433595079,
    "S_nh3": 0.004439185,
    "S_gas_h2": 0.0000138671,
    "S_gas_ch4": 1.6610943668,
    "S_gas_co2": 0.0152186817,
    "S_co2": 0.0106571506,
    "S_nh4_ion": 0.1467412828,
    "q_gas": 4867.4006444501,
    "q_ch4": 2914.3878225717,
    "p_ch4": 0.6649777903,
    "p_co2": 0.3899302674,
    "VS": 4.5973332549,
    "VSR": 0.8465090235
}