{
    "time": 0.0,
    "S_su": 0.0029738778,
    "S_aa": 0.0034033252,
    "S_fa": 0.0970914175,
    "S_va": 0.0166409598,
    "S_bu": 0.0198982883,
    "S_pro": 0.0092011253,
    "S_ac": 0.0614045306,
    "S_h2": 0.0000001873,
    "S_ch4": 0.05071655,
    "S_IC": 0.1170681439,
    "S_IN": 0.1120364693,
    "S_I": 0.1384654987,
    "X_c": 0.1928044511,
    "X_ch": 0.0608732462,
    "X_pr": 0.0520178647,
    "X_li": 0.0411247509,
    "X_su": 0.6693446932,
    "X_aa": 1.0818684525,
    "X_fa": 0.1446506938,
    "X_c4": 0.4112794062,
    "X_pro": 0.1475829838,
    "X_ac": 0.7426026721,
    "X_h2": 0.3149806408,
    "X_I": 4.1186901912,
    "S_cation": 2.447202641e-48,
    "S_anion": 0.0011805713,
    "pH": 0.0000000465,
    "S_va_ion": 0.0165851341,
    "S_bu_ion": 0.0198373908,
    "S_pro_ion": 0.0091688086,
    "S_ac_ion": 0.0612407903,
    "S_hco3_ion": 0.1069983128,
    "S_nh3": 0.0026147126,
    "S_gas_h2": 0.000008639,
    "S_gas_ch4": 1.5587832515,
    "S_gas_co2": 0.0144886262,
    "S_co2": 0.0100698311,
    "S_nh4_ion": 0.1094217567,
    "q_gas": 1883.7618182111,
    "q_ch4": 1118.5484840227,
    "p_ch4": 0.6240230685,
    "p_co2": 0.3712205841,
    "VS": 5.5230717106,
    "VSR": 0.7765678249
}