{"X1":0.8355360357,"X2":0.3539163999,"S1":1.5537272095,"S2":2.4903529727,"Z":0.00001,"C":113.8694950189}