{"mu1max":0.9063210377,"mu2max":0.8956797376,"KS1":6.2510365665,"KS2":10.1491714075,"KI2":258.8126608846}