{"X1":0.6780076102,"X2":0.3180333608,"S1":2.485874018,"S2":0.6689036889,"Z":0.0000088162,"C":106.6783176723}