{"k_dis":0.5,"k_hyd_ch":10.0,"k_hyd_pr":10.0,"k_hyd_li":10.0,"k_m_su":30.0,"k_m_aa":50.0,"k_m_fa":6.0,"k_m_c4":89.5959552209,"k_m_pro":92.8691768691,"k_m_ac":80.0,"k_m_h2":35.0,"k_dec":0.0199439161,"K_S_IN":0.0001,"K_S_su":0.5,"K_S_aa":0.3,"K_S_fa":0.4,"K_S_c4":1.1819639596,"K_S_pro":0.8566020823,"K_S_ac":1.2070106345,"K_S_h2":0.000007,"K_I_h2_fa":0.000005,"K_I_h2_c4":0.00001,"K_I_h2_pro":0.0000035,"K_I_nh3":0.0018,"pH_UL:LL_aa":1.0753073586,"pH_LL_aa":5.1757180096,"pH_UL:LL_ac":1.0,"pH_LL_ac":5.0,"pH_UL:LL_h2":1.0,"pH_LL_h2":5.0}