{"k_dis":0.5,"k_hyd_ch":10.0,"k_hyd_pr":10.0,"k_hyd_li":10.0,"k_m_su":107.2626290858,"k_m_aa":2.2291859423,"k_m_fa":6.0,"k_m_c4":43.9764614855,"k_m_pro":9.3478552981,"k_m_ac":9.2948564077,"k_m_h2":35.0,"k_dec":0.0276862241,"K_S_IN":0.0001,"K_S_su":0.5,"K_S_aa":0.3,"K_S_fa":0.4,"K_S_c4":0.9393399622,"K_S_pro":0.0507114823,"K_S_ac":0.2267196926,"K_S_h2":0.000007,"K_I_h2_fa":0.000005,"K_I_h2_c4":0.00001,"K_I_h2_pro":0.0000035,"K_I_nh3":0.0029068503,"pH_UL:LL_aa":1.3733597924,"pH_LL_aa":5.2107500994,"pH_UL:LL_ac":1.0,"pH_LL_ac":3.8036094923,"pH_UL:LL_h2":1.0,"pH_LL_h2":5.0}